kid,nhet,kerr10,kerr12,nmaj,kerr01,kerr02,nmnr,kerr20,kerr21,er0,er1,er2,toter
A0008,5658,0,0,47659,0,0,771,0,0,0,0,0,0
A0020,5253,0,0,48435,0,0,819,0,0,0,0,0,0
A0022,6193,0,0,47675,0,0,822,0,0,0,0,0,0
A0034,5350,0,0,47667,0,0,763,0,0,0,0,0,0
A0035,5294,0,0,47453,0,0,782,0,0,0,0,0,0
A0036,5535,0,0,47345,0,0,833,0,0,0,0,0,0
A0038,5428,0,0,47785,0,0,719,0,0,0,0,0,0
A0044,5687,0,0,47476,0,0,800,0,0,0,0,0,0
A0064,5428,0,0,48060,0,0,858,0,0,0,0,0,0
A0072,5560,0,0,47890,0,0,767,0,0,0,0,0,0
A0081,5869,0,0,48260,0,0,818,0,0,0,0,0,0
A0085,5430,0,0,48230,0,0,818,0,0,0,0,0,0
A0094,5260,0,0,48239,0,0,812,0,0,0,0,0,0
A0103,5501,0,0,47329,0,0,772,0,0,0,0,0,0
A0107,5521,0,0,47411,0,0,863,0,0,0,0,0,0
A0112,5253,0,0,48435,0,0,819,0,0,0,0,0,0
A0113,5497,0,0,47405,0,0,810,0,0,0,0,0,0
A0115,5501,0,0,47329,0,0,772,0,0,0,0,0,0
A0121,5351,0,0,47255,0,0,775,0,0,0,0,0,0
A0126,5371,0,0,48053,0,0,800,0,0,0,0,0,0
A0134,5141,0,0,47853,0,0,817,0,0,0,0,0,0
A0137,5409,0,0,47664,0,0,779,0,0,0,0,0,0
A0142,5411,0,0,47728,0,0,780,0,0,0,0,0,0
A0143,5661,0,0,47236,0,0,857,0,0,0,0,0,0
A0148,5639,0,0,48467,0,0,833,0,0,0,0,0,0
A0154,6193,0,0,47675,0,0,822,0,0,0,0,0,0
A0172,5703,0,0,48321,0,0,802,0,0,0,0,0,0
A0182,5501,0,0,47329,0,0,772,0,0,0,0,0,0
A0184,5570,0,0,47355,0,0,885,0,0,0,0,0,0
A0186,5661,0,0,47236,0,0,857,0,0,0,0,0,0
A0194,5703,0,0,48321,0,0,802,0,0,0,0,0,0
A0201,5481,0,0,47516,0,0,814,0,0,0,0,0,0
A0205,5346,0,0,47427,0,0,789,0,0,0,0,0,0
A0213,5501,0,0,47329,0,0,772,0,0,0,0,0,0
A0216,5703,0,0,48321,0,0,802,0,0,0,0,0,0
A0231,5510,0,0,47433,0,0,761,0,0,0,0,0,0
A0263,5499,0,0,47422,0,0,788,0,0,0,0,0,0
A0264,5318,0,0,47674,0,0,701,0,0,0,0,0,0
A0269,5686,0,0,47472,0,0,742,0,0,0,0,0,0
A0279,5430,0,0,48230,0,0,818,0,0,0,0,0,0
A0291,5411,0,0,47728,0,0,780,0,0,0,0,0,0
A0303,5869,0,0,48260,0,0,818,0,0,0,0,0,0
A0305,5415,0,0,47983,0,0,778,0,0,0,0,0,0
A0318,6387,0,0,48208,0,0,950,0,0,0,0,0,0
A0321,5501,0,0,47329,0,0,772,0,0,0,0,0,0
A0323,5558,0,0,48289,0,0,769,0,0,0,0,0,0
A0324,5501,0,0,47329,0,0,772,0,0,0,0,0,0
A0329,5259,0,0,47682,0,0,841,0,0,0,0,0,0
A0345,5259,0,0,47682,0,0,841,0,0,0,0,0,0
A0350,5700,0,0,47807,0,0,725,0,0,0,0,0,0
A0360,5259,0,0,47682,0,0,841,0,0,0,0,0,0
A0375,5639,0,0,48467,0,0,833,0,0,0,0,0,0
A0377,5400,0,0,48152,0,0,720,0,0,0,0,0,0
A0379,5346,0,0,47427,0,0,789,0,0,0,0,0,0
A0384,5474,0,0,48187,0,0,881,0,0,0,0,0,0
A0385,5501,0,0,47329,0,0,772,0,0,0,0,0,0
A0392,5415,0,0,47983,0,0,778,0,0,0,0,0,0
A0394,5786,0,0,48358,0,0,928,0,0,0,0,0,0
A0404,5558,0,0,48289,0,0,769,0,0,0,0,0,0
A0406,5253,0,0,48435,0,0,819,0,0,0,0,0,0
A0434,5546,0,0,48220,0,0,838,0,0,0,0,0,0
A0435,6123,0,0,48265,0,0,893,0,0,0,0,0,0
A0439,5519,0,0,47916,0,0,809,0,0,0,0,0,0
A0452,5457,0,0,47574,0,0,753,0,0,0,0,0,0
A0461,5471,0,0,48250,0,0,727,0,0,0,0,0,0
A0474,5409,0,0,47664,0,0,779,0,0,0,0,0,0
A0475,5337,0,0,47875,0,0,778,0,0,0,0,0,0
A0477,5639,0,0,48467,0,0,833,0,0,0,0,0,0
A0481,5560,0,0,47890,0,0,767,0,0,0,0,0,0
A0483,5659,0,0,48446,0,0,847,0,0,0,0,0,0
A0493,5259,0,0,47682,0,0,841,0,0,0,0,0,0
A0495,5546,0,0,48220,0,0,838,0,0,0,0,0,0
A0506,5707,0,0,48268,0,0,801,0,0,0,0,0,0
A0516,5558,0,0,48289,0,0,769,0,0,0,0,0,0
A0530,5661,0,0,47236,0,0,857,0,0,0,0,0,0
A0532,5658,0,0,47659,0,0,771,0,0,0,0,0,0
A0533,5356,0,0,47843,0,0,796,0,0,0,0,0,0
A0544,5468,0,0,47752,0,0,792,0,0,0,0,0,0
A0551,5519,0,0,47916,0,0,809,0,0,0,0,0,0
A0552,5658,0,0,47659,0,0,771,0,0,0,0,0,0
A0560,5501,0,0,47329,0,0,772,0,0,0,0,0,0
A0564,5489,0,0,47449,0,0,806,0,0,0,0,0,0
A0566,4697,0,0,48730,0,0,953,0,0,0,0,0,0
A0572,5409,0,0,47664,0,0,779,0,0,0,0,0,0
A0573,5457,0,0,47574,0,0,753,0,0,0,0,0,0
A0574,5471,0,0,48250,0,0,727,0,0,0,0,0,0
A0580,5259,0,0,47682,0,0,841,0,0,0,0,0,0
A0597,5519,0,0,47697,0,0,862,0,0,0,0,0,0
A0601,5510,0,0,47426,0,0,901,0,0,0,0,0,0
A0605,5294,0,0,47453,0,0,782,0,0,0,0,0,0
A0631,5300,0,0,48267,0,0,818,0,0,0,0,0,0
A0632,5114,0,0,48491,0,0,893,0,0,0,0,0,0
A0634,5430,0,0,48230,0,0,818,0,0,0,0,0,0
A0640,5786,0,0,48358,0,0,928,0,0,0,0,0,0
A0643,5302,0,0,47744,0,0,790,0,0,0,0,0,0
A0651,5457,0,0,47574,0,0,753,0,0,0,0,0,0
A0655,5428,0,0,47785,0,0,719,0,0,0,0,0,0
A0661,5600,0,0,47674,0,0,827,0,0,0,0,0,0
A0689,5920,0,0,48426,0,0,909,0,0,0,0,0,0
A0691,5409,0,0,47664,0,0,779,0,0,0,0,0,0
A0692,5253,0,0,48435,0,0,819,0,0,0,0,0,0
A0698,5501,0,0,47329,0,0,772,0,0,0,0,0,0
A0724,5497,0,0,47405,0,0,810,0,0,0,0,0,0
A0727,5433,0,0,47924,0,0,868,0,0,0,0,0,0
A0743,5786,0,0,48358,0,0,928,0,0,0,0,0,0
A0767,5703,0,0,48321,0,0,802,0,0,0,0,0,0
A0775,5658,0,0,47659,0,0,771,0,0,0,0,0,0
A0776,5428,0,0,47785,0,0,719,0,0,0,0,0,0
A0783,5497,0,0,47405,0,0,810,0,0,0,0,0,0
A0788,6148,0,0,48896,0,0,978,0,0,0,0,0,0
A0799,5356,0,0,47843,0,0,796,0,0,0,0,0,0
A0820,5920,0,0,48426,0,0,909,0,0,0,0,0,0
A0825,5699,0,0,48840,0,0,1021,0,0,0,0,0,0
A0828,5277,0,0,47836,0,0,836,0,0,0,0,0,0
A0840,5729,0,0,48257,0,0,807,0,0,0,0,0,0
A0856,5699,0,0,48840,0,0,1021,0,0,0,0,0,0
A0859,6148,0,0,48896,0,0,978,0,0,0,0,0,0
A0862,5449,0,0,47095,0,0,926,0,0,0,0,0,0
A0867,5415,0,0,47983,0,0,778,0,0,0,0,0,0
A0873,5114,0,0,48491,0,0,893,0,0,0,0,0,0
A0883,5558,0,0,48289,0,0,769,0,0,0,0,0,0
A0885,5920,0,0,48426,0,0,909,0,0,0,0,0,0
A0890,5786,0,0,48358,0,0,928,0,0,0,0,0,0
A0894,5920,0,0,48426,0,0,909,0,0,0,0,0,0
A0896,5535,0,0,47345,0,0,833,0,0,0,0,0,0
A0899,5259,0,0,47682,0,0,841,0,0,0,0,0,0
A0903,5240,0,0,47927,0,0,838,0,0,0,0,0,0
A0904,5920,0,0,48426,0,0,909,0,0,0,0,0,0
A0905,5707,0,0,48268,0,0,801,0,0,0,0,0,0
A0908,5409,0,0,47664,0,0,779,0,0,0,0,0,0
A0918,5738,0,0,47735,0,0,778,0,0,0,0,0,0
A0924,5356,0,0,47843,0,0,796,0,0,0,0,0,0
A0926,5368,0,0,48076,0,0,824,0,0,0,0,0,0
A0932,5409,0,0,47664,0,0,779,0,0,0,0,0,0
A0939,5294,0,0,47453,0,0,782,0,0,0,0,0,0
A0944,6148,0,0,48896,0,0,978,0,0,0,0,0,0
A0945,5259,0,0,47682,0,0,841,0,0,0,0,0,0
A0949,5259,0,0,47682,0,0,841,0,0,0,0,0,0
A0952,5527,0,0,47959,0,0,709,0,0,0,0,0,0
A0953,5114,0,0,48491,0,0,893,0,0,0,0,0,0
A0958,5400,0,0,48152,0,0,720,0,0,0,0,0,0
A0959,5513,0,0,48057,0,0,862,0,0,0,0,0,0
A0976,5297,0,0,47720,0,0,802,0,0,0,0,0,0
A0981,5535,0,0,47345,0,0,833,0,0,0,0,0,0
A0986,5259,0,0,47682,0,0,841,0,0,0,0,0,0
A0990,5833,0,0,48134,0,0,856,0,0,0,0,0,0
A0994,5501,0,0,47329,0,0,772,0,0,0,0,0,0
A1011,5164,0,0,47734,0,0,701,0,0,0,0,0,0
A1012,5430,0,0,48230,0,0,818,0,0,0,0,0,0
A1015,5730,0,0,47501,0,0,697,0,0,0,0,0,0
A1026,5368,0,0,48076,0,0,824,0,0,0,0,0,0
A1027,5428,0,0,47785,0,0,719,0,0,0,0,0,0
A1028,5562,0,0,48038,0,0,843,0,0,0,0,0,0
A1029,5786,0,0,48358,0,0,928,0,0,0,0,0,0
A1030,5869,0,0,48260,0,0,818,0,0,0,0,0,0
A1032,5501,0,0,47329,0,0,772,0,0,0,0,0,0
A1035,5381,0,0,47584,0,0,720,0,0,0,0,0,0
A1041,5457,0,0,47574,0,0,753,0,0,0,0,0,0
A1044,5707,0,0,48268,0,0,801,0,0,0,0,0,0
A1049,5356,0,0,47843,0,0,796,0,0,0,0,0,0
A1051,5337,0,0,47875,0,0,778,0,0,0,0,0,0
A1058,5409,0,0,47664,0,0,779,0,0,0,0,0,0
A1067,5786,0,0,48358,0,0,928,0,0,0,0,0,0
A1068,5253,0,0,48435,0,0,819,0,0,0,0,0,0
A1078,5593,0,0,47480,0,0,802,0,0,0,0,0,0
A1083,5260,0,0,48239,0,0,812,0,0,0,0,0,0
A1089,5294,0,0,47453,0,0,782,0,0,0,0,0,0
A1090,5920,0,0,48426,0,0,909,0,0,0,0,0,0
A1096,5370,0,0,48173,0,0,969,0,0,0,0,0,0
A1098,5686,0,0,47472,0,0,742,0,0,0,0,0,0
A1102,5507,0,0,47556,0,0,793,0,0,0,0,0,0
A1103,5510,0,0,47433,0,0,761,0,0,0,0,0,0
A1110,5503,0,0,48554,0,0,812,0,0,0,0,0,0
A1126,5434,0,0,47592,0,0,913,0,0,0,0,0,0
A1132,5510,0,0,47426,0,0,901,0,0,0,0,0,0
A1160,5428,0,0,47785,0,0,719,0,0,0,0,0,0
A1193,7070,0,0,48619,0,0,983,0,0,0,0,0,0
A1202,5501,0,0,47329,0,0,772,0,0,0,0,0,0
A1206,5546,0,0,48220,0,0,838,0,0,0,0,0,0
A1216,5300,0,0,48267,0,0,818,0,0,0,0,0,0
A1219,5601,0,0,47400,0,0,796,0,0,0,0,0,0
A1238,5430,0,0,48230,0,0,818,0,0,0,0,0,0
A1253,5257,0,0,47455,0,0,791,0,0,0,0,0,0
A1274,5415,0,0,47983,0,0,778,0,0,0,0,0,0
A1276,5659,0,0,48446,0,0,847,0,0,0,0,0,0
A1280,5294,0,0,47799,0,0,833,0,0,0,0,0,0
A1281,5409,0,0,47664,0,0,779,0,0,0,0,0,0
A1286,5699,0,0,48840,0,0,1021,0,0,0,0,0,0
A1289,5434,0,0,47592,0,0,913,0,0,0,0,0,0
A1305,5513,0,0,48057,0,0,862,0,0,0,0,0,0
A1316,5513,0,0,48057,0,0,862,0,0,0,0,0,0
A1317,5501,0,0,47329,0,0,772,0,0,0,0,0,0
A1319,5114,0,0,48491,0,0,893,0,0,0,0,0,0
A1320,5730,0,0,47499,0,0,803,0,0,0,0,0,0
A1322,5260,0,0,48239,0,0,812,0,0,0,0,0,0
A1324,5457,0,0,47574,0,0,753,0,0,0,0,0,0
A1325,5686,0,0,47472,0,0,742,0,0,0,0,0,0
A1326,5294,0,0,47453,0,0,782,0,0,0,0,0,0
A1328,5346,0,0,47427,0,0,789,0,0,0,0,0,0
A1337,5259,0,0,47682,0,0,841,0,0,0,0,0,0
A1340,5601,0,0,47400,0,0,796,0,0,0,0,0,0
A1355,5259,0,0,47682,0,0,841,0,0,0,0,0,0
A1356,5434,0,0,47592,0,0,913,0,0,0,0,0,0
A1360,5259,0,0,47682,0,0,841,0,0,0,0,0,0
A1365,5318,0,0,47674,0,0,701,0,0,0,0,0,0
A1392,5703,0,0,48321,0,0,802,0,0,0,0,0,0
A1396,5786,0,0,48358,0,0,928,0,0,0,0,0,0
A1413,5497,0,0,47405,0,0,810,0,0,0,0,0,0
A1415,5251,0,0,48003,0,0,753,0,0,0,0,0,0
A1417,5114,0,0,48491,0,0,893,0,0,0,0,0,0
A1420,5665,0,0,48345,0,0,827,0,0,0,0,0,0
A1432,5430,0,0,48230,0,0,818,0,0,0,0,0,0
A1433,5451,0,0,47874,0,0,713,0,0,0,0,0,0
A1434,5786,0,0,48358,0,0,928,0,0,0,0,0,0
A1438,5658,0,0,47659,0,0,771,0,0,0,0,0,0
A1447,5259,0,0,47682,0,0,841,0,0,0,0,0,0
A1469,5428,0,0,47785,0,0,719,0,0,0,0,0,0
A1473,5497,0,0,47405,0,0,810,0,0,0,0,0,0
A1485,5186,0,0,47806,0,0,777,0,0,0,0,0,0
A1488,5370,0,0,48173,0,0,969,0,0,0,0,0,0
A1504,5497,0,0,47405,0,0,810,0,0,0,0,0,0
A1512,5707,0,0,48268,0,0,801,0,0,0,0,0,0
A1532,5300,0,0,48267,0,0,818,0,0,0,0,0,0
A1533,6158,0,0,48681,0,0,836,0,0,0,0,0,0
A1558,5300,0,0,48267,0,0,818,0,0,0,0,0,0
A1563,5114,0,0,48491,0,0,893,0,0,0,0,0,0
A1589,5259,0,0,47682,0,0,841,0,0,0,0,0,0
A1592,5546,0,0,48220,0,0,838,0,0,0,0,0,0
A1593,5560,0,0,47890,0,0,767,0,0,0,0,0,0
A1612,5647,0,0,47573,0,0,744,0,0,0,0,0,0
A1622,5503,0,0,48554,0,0,812,0,0,0,0,0,0
A1625,6193,0,0,47675,0,0,822,0,0,0,0,0,0
A1632,5409,0,0,47664,0,0,779,0,0,0,0,0,0
A1638,5141,0,0,47853,0,0,817,0,0,0,0,0,0
A1642,5703,0,0,48321,0,0,802,0,0,0,0,0,0
A1643,5497,0,0,47405,0,0,810,0,0,0,0,0,0
A1644,5430,0,0,48230,0,0,818,0,0,0,0,0,0
A1646,5707,0,0,48268,0,0,801,0,0,0,0,0,0
A1654,5426,0,0,47783,0,0,775,0,0,0,0,0,0
A1662,5379,0,0,47615,0,0,775,0,0,0,0,0,0
A1665,5350,0,0,47667,0,0,763,0,0,0,0,0,0
A1696,5297,0,0,47720,0,0,802,0,0,0,0,0,0
A1699,5661,0,0,47236,0,0,857,0,0,0,0,0,0
A1700,5592,0,0,47558,0,0,707,0,0,0,0,0,0
A1704,5294,0,0,47453,0,0,782,0,0,0,0,0,0
A1731,5699,0,0,48840,0,0,1021,0,0,0,0,0,0
A1733,5558,0,0,48289,0,0,769,0,0,0,0,0,0
A1739,5428,0,0,47785,0,0,719,0,0,0,0,0,0
A1748,5920,0,0,48426,0,0,909,0,0,0,0,0,0
A1756,5707,0,0,48268,0,0,801,0,0,0,0,0,0
A1764,5501,0,0,47329,0,0,772,0,0,0,0,0,0
A1768,5869,0,0,48260,0,0,818,0,0,0,0,0,0
A1769,5532,0,0,47002,0,0,789,0,0,0,0,0,0
A1775,5786,0,0,48358,0,0,928,0,0,0,0,0,0
A1777,5259,0,0,47682,0,0,841,0,0,0,0,0,0
A1806,5601,0,0,47400,0,0,796,0,0,0,0,0,0
A1824,5501,0,0,47329,0,0,772,0,0,0,0,0,0
A1833,5346,0,0,47427,0,0,789,0,0,0,0,0,0
A1834,5729,0,0,48257,0,0,807,0,0,0,0,0,0
A1837,5141,0,0,47853,0,0,817,0,0,0,0,0,0
A1841,5786,0,0,48358,0,0,928,0,0,0,0,0,0
A1847,5786,0,0,48358,0,0,928,0,0,0,0,0,0
A1857,5510,0,0,47426,0,0,901,0,0,0,0,0,0
A1865,5428,0,0,47785,0,0,719,0,0,0,0,0,0
A1877,5346,0,0,47427,0,0,789,0,0,0,0,0,0
A1891,5253,0,0,48435,0,0,819,0,0,0,0,0,0
A1917,5371,0,0,48053,0,0,800,0,0,0,0,0,0
A1921,5368,0,0,48076,0,0,824,0,0,0,0,0,0
A1926,5703,0,0,48321,0,0,802,0,0,0,0,0,0
A1927,5283,0,0,47992,0,0,835,0,0,0,0,0,0
A1938,5501,0,0,47329,0,0,772,0,0,0,0,0,0
A1952,5601,0,0,47400,0,0,796,0,0,0,0,0,0
A1964,5707,0,0,48268,0,0,801,0,0,0,0,0,0
A1966,5510,0,0,47426,0,0,901,0,0,0,0,0,0
A1976,5457,0,0,47574,0,0,753,0,0,0,0,0,0
A1980,5519,0,0,47697,0,0,862,0,0,0,0,0,0
A1982,5356,0,0,47843,0,0,796,0,0,0,0,0,0
A1992,5409,0,0,47664,0,0,779,0,0,0,0,0,0
A2008,5703,0,0,48321,0,0,802,0,0,0,0,0,0
A2009,5600,0,0,47674,0,0,827,0,0,0,0,0,0
A2011,5497,0,0,47405,0,0,810,0,0,0,0,0,0
A2014,5639,0,0,48467,0,0,833,0,0,0,0,0,0
A2022,5451,0,0,47874,0,0,713,0,0,0,0,0,0
A2026,5786,0,0,48358,0,0,928,0,0,0,0,0,0
A2027,5546,0,0,48220,0,0,838,0,0,0,0,0,0
A2032,5294,0,0,47453,0,0,782,0,0,0,0,0,0
A2039,5641,0,0,47721,0,0,729,0,0,0,0,0,0
A2045,5669,0,0,47766,0,0,881,0,0,0,0,0,0
A2050,5346,0,0,47427,0,0,789,0,0,0,0,0,0
A2054,5510,0,0,47433,0,0,761,0,0,0,0,0,0
A2060,5409,0,0,47664,0,0,779,0,0,0,0,0,0
A2063,5535,0,0,47345,0,0,833,0,0,0,0,0,0
A2065,5428,0,0,47785,0,0,719,0,0,0,0,0,0
A2080,5371,0,0,48053,0,0,800,0,0,0,0,0,0
A2084,5700,0,0,47807,0,0,725,0,0,0,0,0,0
A2095,4697,0,0,48730,0,0,953,0,0,0,0,0,0
A2102,5497,0,0,47405,0,0,810,0,0,0,0,0,0
A2113,5426,0,0,47783,0,0,775,0,0,0,0,0,0
A2114,5920,0,0,48426,0,0,909,0,0,0,0,0,0
A2116,5430,0,0,48230,0,0,818,0,0,0,0,0,0
A2124,5786,0,0,48358,0,0,928,0,0,0,0,0,0
A2127,5601,0,0,47400,0,0,796,0,0,0,0,0,0
A2131,5661,0,0,47236,0,0,857,0,0,0,0,0,0
A2141,5283,0,0,47992,0,0,835,0,0,0,0,0,0
A2142,5497,0,0,47405,0,0,810,0,0,0,0,0,0
A2158,5786,0,0,48358,0,0,928,0,0,0,0,0,0
A2163,5707,0,0,48268,0,0,801,0,0,0,0,0,0
A2164,5294,0,0,47453,0,0,782,0,0,0,0,0,0
A2174,5294,0,0,47453,0,0,782,0,0,0,0,0,0
A2184,5707,0,0,48268,0,0,801,0,0,0,0,0,0
A2220,5277,0,0,47836,0,0,836,0,0,0,0,0,0
A2232,5501,0,0,47329,0,0,772,0,0,0,0,0,0
A2237,5780,0,0,48280,0,0,920,0,0,0,0,0,0
A2283,5501,0,0,47329,0,0,772,0,0,0,0,0,0
A2293,5601,0,0,47400,0,0,796,0,0,0,0,0,0
A2297,5600,0,0,47674,0,0,827,0,0,0,0,0,0
A2303,6089,0,0,47925,0,0,934,0,0,0,0,0,0
A2309,5294,0,0,47453,0,0,782,0,0,0,0,0,0
A2320,6348,0,0,48803,0,0,957,0,0,0,0,0,0
A2330,5521,0,0,47411,0,0,863,0,0,0,0,0,0
A2334,5246,0,0,48052,0,0,839,0,0,0,0,0,0
A2345,5468,0,0,47752,0,0,792,0,0,0,0,0,0
A2367,5786,0,0,48358,0,0,928,0,0,0,0,0,0
A2373,5294,0,0,47453,0,0,782,0,0,0,0,0,0
A2383,5409,0,0,47664,0,0,779,0,0,0,0,0,0
A2389,5686,0,0,47472,0,0,742,0,0,0,0,0,0
A2394,5665,0,0,48345,0,0,827,0,0,0,0,0,0
A2418,5277,0,0,47836,0,0,836,0,0,0,0,0,0
A2426,5532,0,0,47002,0,0,789,0,0,0,0,0,0
A2437,5141,0,0,47853,0,0,817,0,0,0,0,0,0
A2445,5409,0,0,47664,0,0,779,0,0,0,0,0,0
A2447,5415,0,0,47983,0,0,778,0,0,0,0,0,0
A2448,5349,0,0,47734,0,0,743,0,0,0,0,0,0
A2464,5259,0,0,47682,0,0,841,0,0,0,0,0,0
A2483,5669,0,0,47766,0,0,881,0,0,0,0,0,0
A2493,5471,0,0,48250,0,0,727,0,0,0,0,0,0
A2501,5710,0,0,48241,0,0,827,0,0,0,0,0,0
A2511,5703,0,0,48321,0,0,802,0,0,0,0,0,0
A2519,5259,0,0,47682,0,0,841,0,0,0,0,0,0
A2532,4697,0,0,48730,0,0,953,0,0,0,0,0,0
A2542,5302,0,0,47744,0,0,790,0,0,0,0,0,0
A2551,5409,0,0,47664,0,0,779,0,0,0,0,0,0
A2552,5430,0,0,48230,0,0,818,0,0,0,0,0,0
A2576,5613,0,0,47713,0,0,767,0,0,0,0,0,0
A2581,5521,0,0,47411,0,0,863,0,0,0,0,0,0
A2583,5786,0,0,48358,0,0,928,0,0,0,0,0,0
A2586,5428,0,0,47785,0,0,719,0,0,0,0,0,0
A2620,5114,0,0,48491,0,0,893,0,0,0,0,0,0
A2625,5489,0,0,47449,0,0,806,0,0,0,0,0,0
A2629,5430,0,0,48230,0,0,818,0,0,0,0,0,0
A2630,5253,0,0,48435,0,0,819,0,0,0,0,0,0
A2639,5586,0,0,47416,0,0,735,0,0,0,0,0,0
A2640,5869,0,0,48260,0,0,818,0,0,0,0,0,0
A2641,5786,0,0,48358,0,0,928,0,0,0,0,0,0
A2642,5283,0,0,47992,0,0,835,0,0,0,0,0,0
A2643,5370,0,0,48173,0,0,969,0,0,0,0,0,0
A2648,6148,0,0,48896,0,0,978,0,0,0,0,0,0
A2654,5259,0,0,47682,0,0,841,0,0,0,0,0,0
A2655,5609,0,0,47815,0,0,761,0,0,0,0,0,0
A2657,4697,0,0,48730,0,0,953,0,0,0,0,0,0
A2661,5371,0,0,48053,0,0,800,0,0,0,0,0,0
A2663,5535,0,0,47345,0,0,833,0,0,0,0,0,0
A2666,5623,0,0,47983,0,0,846,0,0,0,0,0,0
A2688,5601,0,0,47400,0,0,796,0,0,0,0,0,0
A2693,5601,0,0,47400,0,0,796,0,0,0,0,0,0
A2709,5920,0,0,48426,0,0,909,0,0,0,0,0,0
A2725,5371,0,0,48053,0,0,800,0,0,0,0,0,0
A2731,5409,0,0,47664,0,0,779,0,0,0,0,0,0
A2736,5590,0,0,47906,0,0,841,0,0,0,0,0,0
A2744,5710,0,0,48241,0,0,827,0,0,0,0,0,0
A2747,5489,0,0,47449,0,0,806,0,0,0,0,0,0
A2761,5535,0,0,47345,0,0,833,0,0,0,0,0,0
A2774,5368,0,0,47919,0,0,851,0,0,0,0,0,0
A2784,5501,0,0,47329,0,0,772,0,0,0,0,0,0
A2790,5300,0,0,48267,0,0,818,0,0,0,0,0,0
A2791,5558,0,0,47795,0,0,735,0,0,0,0,0,0
A2793,5592,0,0,47558,0,0,707,0,0,0,0,0,0
A2811,5478,0,0,47519,0,0,726,0,0,0,0,0,0
A2813,5600,0,0,47674,0,0,827,0,0,0,0,0,0
A2820,5114,0,0,48491,0,0,893,0,0,0,0,0,0
A2827,5384,0,0,47407,0,0,744,0,0,0,0,0,0
A2829,5510,0,0,47426,0,0,901,0,0,0,0,0,0
A2831,5457,0,0,47574,0,0,753,0,0,0,0,0,0
A2834,5786,0,0,48358,0,0,928,0,0,0,0,0,0
A2835,5786,0,0,48358,0,0,928,0,0,0,0,0,0
A2837,5519,0,0,47916,0,0,809,0,0,0,0,0,0
A2848,5384,0,0,47407,0,0,744,0,0,0,0,0,0
A2865,5729,0,0,48257,0,0,807,0,0,0,0,0,0
A2883,5786,0,0,48358,0,0,928,0,0,0,0,0,0
A2893,5661,0,0,47236,0,0,857,0,0,0,0,0,0
A2897,5703,0,0,48321,0,0,802,0,0,0,0,0,0
A2900,5546,0,0,48220,0,0,838,0,0,0,0,0,0
A2916,5415,0,0,47983,0,0,778,0,0,0,0,0,0
A2923,5623,0,0,47983,0,0,846,0,0,0,0,0,0
A2927,5283,0,0,47992,0,0,835,0,0,0,0,0,0
A2931,5294,0,0,47453,0,0,782,0,0,0,0,0,0
A2933,5283,0,0,47992,0,0,835,0,0,0,0,0,0
A2934,5370,0,0,48173,0,0,969,0,0,0,0,0,0
A2944,5501,0,0,47329,0,0,772,0,0,0,0,0,0
A2957,5497,0,0,47405,0,0,810,0,0,0,0,0,0
A2963,5356,0,0,47843,0,0,796,0,0,0,0,0,0
A2965,5707,0,0,48268,0,0,801,0,0,0,0,0,0
A2966,4697,0,0,48730,0,0,953,0,0,0,0,0,0
A2968,5558,0,0,48289,0,0,769,0,0,0,0,0,0
A2978,5535,0,0,47345,0,0,833,0,0,0,0,0,0
A2983,5519,0,0,47916,0,0,809,0,0,0,0,0,0
A3003,5368,0,0,48076,0,0,824,0,0,0,0,0,0
A3007,5535,0,0,47345,0,0,833,0,0,0,0,0,0
A3008,5786,0,0,48358,0,0,928,0,0,0,0,0,0
A3017,5558,0,0,48289,0,0,769,0,0,0,0,0,0
A3033,5595,0,0,47861,0,0,767,0,0,0,0,0,0
A3036,5497,0,0,47405,0,0,810,0,0,0,0,0,0
A3038,5457,0,0,47574,0,0,753,0,0,0,0,0,0
A3043,5786,0,0,48358,0,0,928,0,0,0,0,0,0
A3056,5601,0,0,47400,0,0,796,0,0,0,0,0,0
A3063,5428,0,0,47785,0,0,719,0,0,0,0,0,0
A3070,5661,0,0,47236,0,0,857,0,0,0,0,0,0
A3073,5409,0,0,47664,0,0,779,0,0,0,0,0,0
A3081,5370,0,0,48173,0,0,969,0,0,0,0,0,0
A3085,5707,0,0,48268,0,0,801,0,0,0,0,0,0
A3087,5535,0,0,47345,0,0,833,0,0,0,0,0,0
A3098,5535,0,0,47345,0,0,833,0,0,0,0,0,0
A3100,5501,0,0,47329,0,0,772,0,0,0,0,0,0
A3107,5428,0,0,47785,0,0,719,0,0,0,0,0,0
A3108,5501,0,0,47329,0,0,772,0,0,0,0,0,0
A3109,5415,0,0,47983,0,0,778,0,0,0,0,0,0
A3113,5699,0,0,48840,0,0,1021,0,0,0,0,0,0
A3117,5283,0,0,47992,0,0,835,0,0,0,0,0,0
A3121,5457,0,0,47574,0,0,753,0,0,0,0,0,0
A3122,5253,0,0,48435,0,0,819,0,0,0,0,0,0
A3125,5710,0,0,48241,0,0,827,0,0,0,0,0,0
A3126,5294,0,0,47453,0,0,782,0,0,0,0,0,0
A3128,5259,0,0,47682,0,0,841,0,0,0,0,0,0
A3130,5521,0,0,47411,0,0,863,0,0,0,0,0,0
A3132,5300,0,0,48267,0,0,818,0,0,0,0,0,0
A3140,5519,0,0,47916,0,0,809,0,0,0,0,0,0
A3150,5595,0,0,47861,0,0,767,0,0,0,0,0,0
A3153,5371,0,0,48053,0,0,800,0,0,0,0,0,0
A3168,5114,0,0,48491,0,0,893,0,0,0,0,0,0
A3184,5434,0,0,47592,0,0,913,0,0,0,0,0,0
A3189,5501,0,0,47329,0,0,772,0,0,0,0,0,0
A3193,5337,0,0,47737,0,0,769,0,0,0,0,0,0
A3232,5260,0,0,48239,0,0,812,0,0,0,0,0,0
A3244,5430,0,0,48230,0,0,818,0,0,0,0,0,0
A3249,5601,0,0,47400,0,0,796,0,0,0,0,0,0
A3260,5501,0,0,47329,0,0,772,0,0,0,0,0,0
A3262,5501,0,0,47329,0,0,772,0,0,0,0,0,0
A3263,5489,0,0,47449,0,0,806,0,0,0,0,0,0
A3267,5623,0,0,47983,0,0,846,0,0,0,0,0,0
A3269,5786,0,0,48358,0,0,928,0,0,0,0,0,0
A3273,5409,0,0,47664,0,0,779,0,0,0,0,0,0
A3279,5686,0,0,47472,0,0,742,0,0,0,0,0,0
A3283,5294,0,0,47453,0,0,782,0,0,0,0,0,0
A3287,5489,0,0,47449,0,0,806,0,0,0,0,0,0
A3289,5371,0,0,48053,0,0,800,0,0,0,0,0,0
A3292,5703,0,0,48321,0,0,802,0,0,0,0,0,0
A3296,7070,0,0,48619,0,0,983,0,0,0,0,0,0
A3297,5501,0,0,47329,0,0,772,0,0,0,0,0,0
A3325,5519,0,0,47916,0,0,809,0,0,0,0,0,0
A3335,5430,0,0,48230,0,0,818,0,0,0,0,0,0
A3345,5297,0,0,47720,0,0,802,0,0,0,0,0,0
A3348,5457,0,0,47574,0,0,753,0,0,0,0,0,0
A3352,5503,0,0,48554,0,0,812,0,0,0,0,0,0
A3361,5661,0,0,47236,0,0,857,0,0,0,0,0,0
A3373,5449,0,0,47095,0,0,926,0,0,0,0,0,0
A3389,5501,0,0,47329,0,0,772,0,0,0,0,0,0
A3402,5707,0,0,48268,0,0,801,0,0,0,0,0,0
A3404,5521,0,0,47411,0,0,863,0,0,0,0,0,0
A3406,5257,0,0,47455,0,0,791,0,0,0,0,0,0
A3407,5428,0,0,48060,0,0,858,0,0,0,0,0,0
A3415,5586,0,0,47416,0,0,735,0,0,0,0,0,0
A3417,5497,0,0,47405,0,0,810,0,0,0,0,0,0
A3430,5535,0,0,47345,0,0,833,0,0,0,0,0,0
A3438,5729,0,0,48257,0,0,807,0,0,0,0,0,0
A3449,5601,0,0,47400,0,0,796,0,0,0,0,0,0
A3450,5669,0,0,47766,0,0,881,0,0,0,0,0,0
A3462,5253,0,0,48435,0,0,819,0,0,0,0,0,0
A3470,5114,0,0,48491,0,0,893,0,0,0,0,0,0
A3477,5586,0,0,47416,0,0,735,0,0,0,0,0,0
A3478,5300,0,0,48267,0,0,818,0,0,0,0,0,0
A3488,5260,0,0,48239,0,0,812,0,0,0,0,0,0
A3492,5471,0,0,48250,0,0,727,0,0,0,0,0,0
A3495,5409,0,0,47664,0,0,779,0,0,0,0,0,0
A3508,5786,0,0,48358,0,0,928,0,0,0,0,0,0
A3521,5477,0,0,47926,0,0,862,0,0,0,0,0,0
A3525,5560,0,0,47890,0,0,767,0,0,0,0,0,0
A3534,5430,0,0,48230,0,0,818,0,0,0,0,0,0
A3542,5409,0,0,47664,0,0,779,0,0,0,0,0,0
A3544,5546,0,0,48220,0,0,838,0,0,0,0,0,0
A3547,5501,0,0,47329,0,0,772,0,0,0,0,0,0
A3555,7070,0,0,48619,0,0,983,0,0,0,0,0,0
A3562,5586,0,0,47416,0,0,735,0,0,0,0,0,0
A3571,5587,0,0,47284,0,0,683,0,0,0,0,0,0
A3578,5562,0,0,48038,0,0,843,0,0,0,0,0,0
A3581,5283,0,0,47992,0,0,835,0,0,0,0,0,0
A3592,5700,0,0,47807,0,0,725,0,0,0,0,0,0
A3593,5519,0,0,47916,0,0,809,0,0,0,0,0,0
A3595,5259,0,0,47682,0,0,841,0,0,0,0,0,0
A3669,5457,0,0,47574,0,0,753,0,0,0,0,0,0
A3672,5300,0,0,48267,0,0,818,0,0,0,0,0,0
A3675,5703,0,0,48321,0,0,802,0,0,0,0,0,0
A3677,5730,0,0,47816,0,0,755,0,0,0,0,0,0
A3679,5501,0,0,47329,0,0,772,0,0,0,0,0,0
A3704,5519,0,0,47916,0,0,809,0,0,0,0,0,0
A3714,5260,0,0,48239,0,0,812,0,0,0,0,0,0
A3717,6158,0,0,48681,0,0,836,0,0,0,0,0,0
A3720,5786,0,0,48358,0,0,928,0,0,0,0,0,0
A3721,5259,0,0,47682,0,0,841,0,0,0,0,0,0
A3738,5562,0,0,48038,0,0,843,0,0,0,0,0,0
A3743,5519,0,0,47916,0,0,809,0,0,0,0,0,0
A3744,5184,0,0,48241,0,0,866,0,0,0,0,0,0
A3749,5494,0,0,48339,0,0,754,0,0,0,0,0,0
A3757,5371,0,0,48053,0,0,800,0,0,0,0,0,0
A3758,5535,0,0,47345,0,0,833,0,0,0,0,0,0
A3761,5601,0,0,47400,0,0,796,0,0,0,0,0,0
A3762,5503,0,0,48554,0,0,812,0,0,0,0,0,0
A3791,5786,0,0,48358,0,0,928,0,0,0,0,0,0
A3801,5300,0,0,48267,0,0,818,0,0,0,0,0,0
A3802,5300,0,0,48267,0,0,818,0,0,0,0,0,0
A3803,5601,0,0,47400,0,0,796,0,0,0,0,0,0
A3805,5259,0,0,47682,0,0,841,0,0,0,0,0,0
A3810,5595,0,0,47861,0,0,767,0,0,0,0,0,0
A3812,5703,0,0,48321,0,0,802,0,0,0,0,0,0
A3823,5457,0,0,47574,0,0,753,0,0,0,0,0,0
A3849,4697,0,0,48730,0,0,953,0,0,0,0,0,0
A3988,5294,0,0,47453,0,0,782,0,0,0,0,0,0
A4003,5521,0,0,47411,0,0,863,0,0,0,0,0,0
A4019,5346,0,0,47427,0,0,789,0,0,0,0,0,0
A4040,5895,0,0,48027,0,0,889,0,0,0,0,0,0
A4042,5430,0,0,48230,0,0,818,0,0,0,0,0,0
A4055,6089,0,0,47925,0,0,934,0,0,0,0,0,0
A4056,5428,0,0,48060,0,0,858,0,0,0,0,0,0
A4060,5114,0,0,48491,0,0,893,0,0,0,0,0,0
A4078,5639,0,0,47706,0,0,780,0,0,0,0,0,0
A4099,5600,0,0,47674,0,0,827,0,0,0,0,0,0
A4118,5786,0,0,48358,0,0,928,0,0,0,0,0,0
A4149,5430,0,0,48230,0,0,818,0,0,0,0,0,0
A4162,5703,0,0,48321,0,0,802,0,0,0,0,0,0
A4165,5430,0,0,48230,0,0,818,0,0,0,0,0,0
A4169,5710,0,0,48241,0,0,827,0,0,0,0,0,0
A4176,5519,0,0,47916,0,0,809,0,0,0,0,0,0
A4189,5613,0,0,47713,0,0,767,0,0,0,0,0,0
A4193,5430,0,0,48230,0,0,818,0,0,0,0,0,0
A4200,6532,0,0,47933,0,0,884,0,0,0,0,0,0
A4205,5384,0,0,47407,0,0,744,0,0,0,0,0,0
A4206,5459,0,0,47605,0,0,834,0,0,0,0,0,0
A4207,5457,0,0,47574,0,0,753,0,0,0,0,0,0
A4212,5501,0,0,47329,0,0,772,0,0,0,0,0,0
A4224,5661,0,0,47236,0,0,857,0,0,0,0,0,0
A4229,5710,0,0,48241,0,0,827,0,0,0,0,0,0
A4236,5400,0,0,48152,0,0,720,0,0,0,0,0,0
A4240,5409,0,0,47664,0,0,779,0,0,0,0,0,0
A4246,5371,0,0,48053,0,0,800,0,0,0,0,0,0
A4251,5497,0,0,47405,0,0,810,0,0,0,0,0,0
A4254,5253,0,0,48435,0,0,819,0,0,0,0,0,0
A4259,5114,0,0,48491,0,0,893,0,0,0,0,0,0
A4260,5707,0,0,48268,0,0,801,0,0,0,0,0,0
A4273,5601,0,0,47400,0,0,796,0,0,0,0,0,0
A4298,5300,0,0,48267,0,0,818,0,0,0,0,0,0
A4305,5430,0,0,48230,0,0,818,0,0,0,0,0,0
A4306,5920,0,0,48426,0,0,909,0,0,0,0,0,0
A4312,5368,0,0,48076,0,0,824,0,0,0,0,0,0
A4313,5428,0,0,47785,0,0,719,0,0,0,0,0,0
A4318,5259,0,0,47682,0,0,841,0,0,0,0,0,0
A4328,5259,0,0,47682,0,0,841,0,0,0,0,0,0
A4331,5457,0,0,47574,0,0,753,0,0,0,0,0,0
A4338,5601,0,0,47400,0,0,796,0,0,0,0,0,0
A4339,5253,0,0,48435,0,0,819,0,0,0,0,0,0
A4353,5400,0,0,48152,0,0,720,0,0,0,0,0,0
A4368,6148,0,0,48896,0,0,978,0,0,0,0,0,0
A4379,5260,0,0,48239,0,0,812,0,0,0,0,0,0
A4384,5368,0,0,48076,0,0,824,0,0,0,0,0,0
A4411,5659,0,0,48446,0,0,847,0,0,0,0,0,0
A4417,5154,0,0,47896,0,0,837,0,0,0,0,0,0
A4425,5703,0,0,48321,0,0,802,0,0,0,0,0,0
A4436,5669,0,0,47766,0,0,881,0,0,0,0,0,0
A4442,5346,0,0,47427,0,0,789,0,0,0,0,0,0
A4450,5669,0,0,47766,0,0,881,0,0,0,0,0,0
A4451,5114,0,0,48491,0,0,893,0,0,0,0,0,0
A4452,5786,0,0,48358,0,0,928,0,0,0,0,0,0
A4455,5246,0,0,48052,0,0,839,0,0,0,0,0,0
A4456,5246,0,0,48052,0,0,839,0,0,0,0,0,0
A4469,5593,0,0,47480,0,0,802,0,0,0,0,0,0
A4483,5409,0,0,47664,0,0,779,0,0,0,0,0,0
A4492,5371,0,0,48053,0,0,800,0,0,0,0,0,0
A4534,6369,0,0,48902,0,0,945,0,0,0,0,0,0
A4538,5356,0,0,47843,0,0,796,0,0,0,0,0,0
A4542,5707,0,0,48268,0,0,801,0,0,0,0,0,0
A4544,5501,0,0,47329,0,0,772,0,0,0,0,0,0
A4549,5661,0,0,47236,0,0,857,0,0,0,0,0,0
A4556,5322,0,0,47986,0,0,787,0,0,0,0,0,0
A4560,5558,0,0,48289,0,0,769,0,0,0,0,0,0
A4561,5707,0,0,48268,0,0,801,0,0,0,0,0,0
A4567,5507,0,0,47556,0,0,793,0,0,0,0,0,0
A4572,5373,0,0,47898,0,0,787,0,0,0,0,0,0
A4575,5300,0,0,48267,0,0,818,0,0,0,0,0,0
A4582,5632,0,0,47717,0,0,761,0,0,0,0,0,0
A4586,5351,0,0,47255,0,0,775,0,0,0,0,0,0
A4593,5920,0,0,48426,0,0,909,0,0,0,0,0,0
A4622,5409,0,0,47664,0,0,779,0,0,0,0,0,0
A4638,5601,0,0,47400,0,0,796,0,0,0,0,0,0
A4639,5639,0,0,48467,0,0,833,0,0,0,0,0,0
A4651,5786,0,0,48358,0,0,928,0,0,0,0,0,0
A4656,5501,0,0,47329,0,0,772,0,0,0,0,0,0
A4676,5428,0,0,47785,0,0,719,0,0,0,0,0,0
A4764,5687,0,0,47476,0,0,800,0,0,0,0,0,0
A4780,5562,0,0,48038,0,0,843,0,0,0,0,0,0
A4781,5632,0,0,47717,0,0,761,0,0,0,0,0,0
A4782,5356,0,0,47843,0,0,796,0,0,0,0,0,0
A4798,5786,0,0,48358,0,0,928,0,0,0,0,0,0
A4819,5426,0,0,47783,0,0,775,0,0,0,0,0,0
A4865,5253,0,0,48435,0,0,819,0,0,0,0,0,0
A4867,5300,0,0,48267,0,0,818,0,0,0,0,0,0
A4880,5786,0,0,48358,0,0,928,0,0,0,0,0,0
A4886,5558,0,0,48289,0,0,769,0,0,0,0,0,0
A4889,5371,0,0,48053,0,0,800,0,0,0,0,0,0
A4900,5593,0,0,47480,0,0,802,0,0,0,0,0,0
A4921,5497,0,0,47405,0,0,810,0,0,0,0,0,0
A4931,5411,0,0,47728,0,0,780,0,0,0,0,0,0
A4959,5687,0,0,47476,0,0,800,0,0,0,0,0,0
A4960,5371,0,0,48053,0,0,800,0,0,0,0,0,0
A4974,5400,0,0,48152,0,0,720,0,0,0,0,0,0
A4980,5283,0,0,47992,0,0,835,0,0,0,0,0,0
A4982,5707,0,0,48268,0,0,801,0,0,0,0,0,0
A4984,5593,0,0,47480,0,0,802,0,0,0,0,0,0
A4991,5259,0,0,47682,0,0,841,0,0,0,0,0,0
A5000,5428,0,0,48060,0,0,858,0,0,0,0,0,0
A5010,5535,0,0,47345,0,0,833,0,0,0,0,0,0
A5019,5411,0,0,47728,0,0,780,0,0,0,0,0,0
A5035,4697,0,0,48730,0,0,953,0,0,0,0,0,0
A5037,5154,0,0,47896,0,0,837,0,0,0,0,0,0
A5053,5707,0,0,48268,0,0,801,0,0,0,0,0,0
A5056,5710,0,0,48241,0,0,827,0,0,0,0,0,0
A5091,5586,0,0,47416,0,0,735,0,0,0,0,0,0
A5101,5350,0,0,47667,0,0,763,0,0,0,0,0,0
A5106,5510,0,0,47426,0,0,901,0,0,0,0,0,0
A5115,5497,0,0,47405,0,0,810,0,0,0,0,0,0
A5117,5457,0,0,47574,0,0,753,0,0,0,0,0,0
A5130,5430,0,0,48230,0,0,818,0,0,0,0,0,0
A5142,5546,0,0,48220,0,0,838,0,0,0,0,0,0
A5143,5371,0,0,48053,0,0,800,0,0,0,0,0,0
A5146,5497,0,0,47405,0,0,810,0,0,0,0,0,0
A5170,5535,0,0,47345,0,0,833,0,0,0,0,0,0
A5174,5400,0,0,48152,0,0,720,0,0,0,0,0,0
A5181,5703,0,0,48321,0,0,802,0,0,0,0,0,0
A5192,5560,0,0,47890,0,0,767,0,0,0,0,0,0
A5193,5385,0,0,47972,0,0,748,0,0,0,0,0,0
A5211,5623,0,0,47983,0,0,846,0,0,0,0,0,0
A5255,5687,0,0,47476,0,0,800,0,0,0,0,0,0
A5277,5501,0,0,47329,0,0,772,0,0,0,0,0,0
A5279,5434,0,0,47592,0,0,913,0,0,0,0,0,0
A5284,5294,0,0,47453,0,0,782,0,0,0,0,0,0
A5286,5497,0,0,47405,0,0,810,0,0,0,0,0,0
A5296,5471,0,0,48250,0,0,727,0,0,0,0,0,0
A5306,5729,0,0,48257,0,0,807,0,0,0,0,0,0
A5313,5707,0,0,48268,0,0,801,0,0,0,0,0,0
A5323,5497,0,0,47405,0,0,810,0,0,0,0,0,0
A5333,5457,0,0,47574,0,0,753,0,0,0,0,0,0
A5335,5300,0,0,48267,0,0,818,0,0,0,0,0,0
A5337,5415,0,0,47983,0,0,778,0,0,0,0,0,0
A5342,5283,0,0,47992,0,0,835,0,0,0,0,0,0
A5359,4697,0,0,48730,0,0,953,0,0,0,0,0,0
A5364,5257,0,0,47455,0,0,791,0,0,0,0,0,0
A5365,5535,0,0,47345,0,0,833,0,0,0,0,0,0
A5376,5501,0,0,47329,0,0,772,0,0,0,0,0,0
A5388,5259,0,0,47682,0,0,841,0,0,0,0,0,0
A5398,5457,0,0,47574,0,0,753,0,0,0,0,0,0
A5401,5457,0,0,47574,0,0,753,0,0,0,0,0,0
A5406,5920,0,0,48426,0,0,909,0,0,0,0,0,0
A5413,5259,0,0,47682,0,0,841,0,0,0,0,0,0
A5420,5786,0,0,48358,0,0,928,0,0,0,0,0,0
A5434,5453,0,0,47688,0,0,727,0,0,0,0,0,0
A5438,5400,0,0,48152,0,0,720,0,0,0,0,0,0
A5449,5350,0,0,47667,0,0,763,0,0,0,0,0,0
A5451,5409,0,0,47664,0,0,779,0,0,0,0,0,0
A5453,5368,0,0,48076,0,0,824,0,0,0,0,0,0
A5458,5409,0,0,47664,0,0,779,0,0,0,0,0,0
A5463,5371,0,0,48053,0,0,800,0,0,0,0,0,0
A5464,5501,0,0,47329,0,0,772,0,0,0,0,0,0
A5470,5546,0,0,48220,0,0,838,0,0,0,0,0,0
A5474,5700,0,0,47807,0,0,725,0,0,0,0,0,0
A5480,5703,0,0,48321,0,0,802,0,0,0,0,0,0
A5483,5920,0,0,48426,0,0,909,0,0,0,0,0,0
A5494,5300,0,0,48267,0,0,818,0,0,0,0,0,0
A5498,6089,0,0,47925,0,0,934,0,0,0,0,0,0
A5528,5356,0,0,47843,0,0,796,0,0,0,0,0,0
A5537,5457,0,0,47574,0,0,753,0,0,0,0,0,0
A5541,5501,0,0,47329,0,0,772,0,0,0,0,0,0
A5546,5283,0,0,47992,0,0,835,0,0,0,0,0,0
A5555,5415,0,0,47983,0,0,778,0,0,0,0,0,0
A5559,5521,0,0,47411,0,0,863,0,0,0,0,0,0
A5578,5368,0,0,48076,0,0,824,0,0,0,0,0,0
A5584,5786,0,0,48358,0,0,928,0,0,0,0,0,0
A5591,5661,0,0,47236,0,0,857,0,0,0,0,0,0
A5604,5510,0,0,47433,0,0,761,0,0,0,0,0,0
A5605,5501,0,0,47329,0,0,772,0,0,0,0,0,0
A5633,5434,0,0,47592,0,0,913,0,0,0,0,0,0
A5646,5658,0,0,47659,0,0,771,0,0,0,0,0,0
A5721,5521,0,0,47411,0,0,863,0,0,0,0,0,0
A5723,5497,0,0,47405,0,0,810,0,0,0,0,0,0
A5734,5428,0,0,47785,0,0,719,0,0,0,0,0,0
A5739,5869,0,0,48260,0,0,818,0,0,0,0,0,0
A5740,5358,0,0,47406,0,0,830,0,0,0,0,0,0
A5744,5510,0,0,47433,0,0,761,0,0,0,0,0,0
A5745,5786,0,0,48358,0,0,928,0,0,0,0,0,0
A5746,7070,0,0,48619,0,0,983,0,0,0,0,0,0
A5748,5786,0,0,48358,0,0,928,0,0,0,0,0,0
A5754,5259,0,0,47682,0,0,841,0,0,0,0,0,0
A5760,5294,0,0,47453,0,0,782,0,0,0,0,0,0
A5761,5283,0,0,47992,0,0,835,0,0,0,0,0,0
A5763,5457,0,0,47574,0,0,753,0,0,0,0,0,0
A5764,5114,0,0,48491,0,0,893,0,0,0,0,0,0
A5772,6148,0,0,48896,0,0,978,0,0,0,0,0,0
A5778,5356,0,0,47843,0,0,796,0,0,0,0,0,0
A5783,5400,0,0,48152,0,0,720,0,0,0,0,0,0
A5790,5707,0,0,48268,0,0,801,0,0,0,0,0,0
A5793,5501,0,0,47329,0,0,772,0,0,0,0,0,0
A5797,5411,0,0,47728,0,0,780,0,0,0,0,0,0
A5803,5415,0,0,47983,0,0,778,0,0,0,0,0,0
A5804,5703,0,0,48321,0,0,802,0,0,0,0,0,0
A5810,5510,0,0,47433,0,0,761,0,0,0,0,0,0
A5812,5337,0,0,47875,0,0,778,0,0,0,0,0,0
A5813,5127,0,0,48187,0,0,783,0,0,0,0,0,0
A5819,5501,0,0,47329,0,0,772,0,0,0,0,0,0
A5829,5457,0,0,47574,0,0,753,0,0,0,0,0,0
A5837,6529,0,0,48114,0,0,962,0,0,0,0,0,0
A5839,5687,0,0,47476,0,0,800,0,0,0,0,0,0
A5842,5707,0,0,48268,0,0,801,0,0,0,0,0,0
A5846,5428,0,0,48060,0,0,858,0,0,0,0,0,0
A5849,5400,0,0,48152,0,0,720,0,0,0,0,0,0
A5852,5558,0,0,47795,0,0,735,0,0,0,0,0,0
A5862,5428,0,0,48060,0,0,858,0,0,0,0,0,0
A5865,5730,0,0,47816,0,0,755,0,0,0,0,0,0
A5867,5430,0,0,48230,0,0,818,0,0,0,0,0,0
A5924,5703,0,0,48321,0,0,802,0,0,0,0,0,0
A5948,5283,0,0,47992,0,0,835,0,0,0,0,0,0
A5949,5368,0,0,48076,0,0,824,0,0,0,0,0,0
A5953,5411,0,0,47728,0,0,780,0,0,0,0,0,0
A5988,5409,0,0,47664,0,0,779,0,0,0,0,0,0
B3010,5411,0,0,47728,0,0,780,0,0,0,0,0,0
B3012,6387,0,0,48208,0,0,950,0,0,0,0,0,0
B3022,5601,0,0,47400,0,0,796,0,0,0,0,0,0
B3036,5535,0,0,47345,0,0,833,0,0,0,0,0,0
B3039,5703,0,0,48321,0,0,802,0,0,0,0,0,0
B3045,5372,0,0,47966,0,0,796,0,0,0,0,0,0
B3051,5501,0,0,47329,0,0,772,0,0,0,0,0,0
B3052,5370,0,0,48173,0,0,969,0,0,0,0,0,0
B3061,5710,0,0,48241,0,0,827,0,0,0,0,0,0
B3071,5368,0,0,48076,0,0,824,0,0,0,0,0,0
B3076,5457,0,0,47574,0,0,753,0,0,0,0,0,0
B3077,5601,0,0,47400,0,0,796,0,0,0,0,0,0
B3081,5277,0,0,47836,0,0,836,0,0,0,0,0,0
B3086,5504,0,0,47047,0,0,780,0,0,0,0,0,0
B3092,5457,0,0,47574,0,0,753,0,0,0,0,0,0
B3098,5869,0,0,48260,0,0,818,0,0,0,0,0,0
B3100,5489,0,0,47449,0,0,806,0,0,0,0,0,0
B3105,5532,0,0,47002,0,0,789,0,0,0,0,0,0
B3113,5501,0,0,47329,0,0,772,0,0,0,0,0,0
B3140,5497,0,0,47405,0,0,810,0,0,0,0,0,0
B3142,5595,0,0,47861,0,0,767,0,0,0,0,0,0
B3152,5403,0,0,47455,0,0,793,0,0,0,0,0,0
B3154,5703,0,0,48321,0,0,802,0,0,0,0,0,0
B3157,5430,0,0,48230,0,0,818,0,0,0,0,0,0
B3162,5322,0,0,47986,0,0,787,0,0,0,0,0,0
B3165,5370,0,0,48173,0,0,969,0,0,0,0,0,0
B3166,5586,0,0,47416,0,0,735,0,0,0,0,0,0
B3172,5707,0,0,48268,0,0,801,0,0,0,0,0,0
B3175,6369,0,0,48902,0,0,945,0,0,0,0,0,0
B3183,5535,0,0,47345,0,0,833,0,0,0,0,0,0
B3191,5409,0,0,47664,0,0,779,0,0,0,0,0,0
B3192,5703,0,0,48321,0,0,802,0,0,0,0,0,0
B3193,5707,0,0,48268,0,0,801,0,0,0,0,0,0
B3202,5141,0,0,47853,0,0,817,0,0,0,0,0,0
B3204,5687,0,0,47476,0,0,800,0,0,0,0,0,0
B3207,5532,0,0,47002,0,0,789,0,0,0,0,0,0
B3210,5415,0,0,47983,0,0,778,0,0,0,0,0,0
B3211,5300,0,0,48267,0,0,818,0,0,0,0,0,0
B3217,5457,0,0,47574,0,0,753,0,0,0,0,0,0
B3230,5535,0,0,47345,0,0,833,0,0,0,0,0,0
B3248,5426,0,0,47783,0,0,775,0,0,0,0,0,0
B3251,7070,0,0,48619,0,0,983,0,0,0,0,0,0
B3252,5503,0,0,48554,0,0,812,0,0,0,0,0,0
B3253,5300,0,0,48267,0,0,818,0,0,0,0,0,0
B3258,5283,0,0,47992,0,0,835,0,0,0,0,0,0
B3261,5430,0,0,48230,0,0,818,0,0,0,0,0,0
B3263,5259,0,0,47682,0,0,841,0,0,0,0,0,0
B3266,5535,0,0,47345,0,0,833,0,0,0,0,0,0
B3268,5501,0,0,47329,0,0,772,0,0,0,0,0,0
B3270,4697,0,0,48730,0,0,953,0,0,0,0,0,0
B3277,5257,0,0,47455,0,0,791,0,0,0,0,0,0
B3291,5707,0,0,48268,0,0,801,0,0,0,0,0,0
B3292,5562,0,0,48038,0,0,843,0,0,0,0,0,0
B3294,5459,0,0,47605,0,0,834,0,0,0,0,0,0
B3306,5535,0,0,47345,0,0,833,0,0,0,0,0,0
B3312,5259,0,0,47682,0,0,841,0,0,0,0,0,0
B3320,5409,0,0,47664,0,0,779,0,0,0,0,0,0
B3324,5786,0,0,48358,0,0,928,0,0,0,0,0,0
B3329,5675,0,0,47488,0,0,756,0,0,0,0,0,0
B3337,5786,0,0,48358,0,0,928,0,0,0,0,0,0
B3343,5457,0,0,47574,0,0,753,0,0,0,0,0,0
B3345,5253,0,0,48435,0,0,819,0,0,0,0,0,0
B3371,5141,0,0,47853,0,0,817,0,0,0,0,0,0
B3372,5426,0,0,47783,0,0,775,0,0,0,0,0,0
B3390,6532,0,0,47933,0,0,884,0,0,0,0,0,0
B3393,5471,0,0,48250,0,0,727,0,0,0,0,0,0
B3399,5260,0,0,48239,0,0,812,0,0,0,0,0,0
B3403,5294,0,0,47453,0,0,782,0,0,0,0,0,0
B3419,5510,0,0,47433,0,0,761,0,0,0,0,0,0
B3424,5485,0,0,48015,0,0,830,0,0,0,0,0,0
B3428,5283,0,0,47992,0,0,835,0,0,0,0,0,0
B3439,5558,0,0,48289,0,0,769,0,0,0,0,0,0
B3453,5283,0,0,47992,0,0,835,0,0,0,0,0,0
B3455,5920,0,0,48426,0,0,909,0,0,0,0,0,0
B3456,5141,0,0,47853,0,0,817,0,0,0,0,0,0
B3470,5253,0,0,48435,0,0,819,0,0,0,0,0,0
B3471,5558,0,0,48289,0,0,769,0,0,0,0,0,0
B3486,6348,0,0,48803,0,0,957,0,0,0,0,0,0
B3493,5409,0,0,47664,0,0,779,0,0,0,0,0,0
B3496,5430,0,0,48230,0,0,818,0,0,0,0,0,0
B3501,5430,0,0,48230,0,0,818,0,0,0,0,0,0
B3506,5430,0,0,48230,0,0,818,0,0,0,0,0,0
B3521,5546,0,0,48220,0,0,838,0,0,0,0,0,0
B3554,5322,0,0,47986,0,0,787,0,0,0,0,0,0
B3561,5430,0,0,48230,0,0,818,0,0,0,0,0,0
B3567,5318,0,0,47674,0,0,701,0,0,0,0,0,0
B3578,5510,0,0,47433,0,0,761,0,0,0,0,0,0
B3579,5428,0,0,48060,0,0,858,0,0,0,0,0,0
B3580,7074,0,0,49034,0,0,1078,0,0,0,0,0,0
B3582,5786,0,0,48358,0,0,928,0,0,0,0,0,0
B3583,5497,0,0,47405,0,0,810,0,0,0,0,0,0
B3589,5513,0,0,48057,0,0,862,0,0,0,0,0,0
B3595,5259,0,0,47682,0,0,841,0,0,0,0,0,0
B3604,5780,0,0,48280,0,0,920,0,0,0,0,0,0
B3620,5501,0,0,47329,0,0,772,0,0,0,0,0,0
B3624,5430,0,0,48230,0,0,818,0,0,0,0,0,0
B3630,5601,0,0,47400,0,0,796,0,0,0,0,0,0
B3636,5346,0,0,47427,0,0,789,0,0,0,0,0,0
B3645,5346,0,0,47427,0,0,789,0,0,0,0,0,0
B3658,5558,0,0,48289,0,0,769,0,0,0,0,0,0
B3661,5457,0,0,47574,0,0,753,0,0,0,0,0,0
B3662,5700,0,0,47807,0,0,725,0,0,0,0,0,0
B3663,5558,0,0,47795,0,0,735,0,0,0,0,0,0
B3667,5503,0,0,48554,0,0,812,0,0,0,0,0,0
B3685,4697,0,0,48730,0,0,953,0,0,0,0,0,0
B3686,5658,0,0,47659,0,0,771,0,0,0,0,0,0
B3706,5738,0,0,47735,0,0,778,0,0,0,0,0,0
B3723,5400,0,0,48152,0,0,720,0,0,0,0,0,0
B3724,5300,0,0,48267,0,0,818,0,0,0,0,0,0
B3725,5507,0,0,47556,0,0,793,0,0,0,0,0,0
B3730,5141,0,0,47853,0,0,817,0,0,0,0,0,0
B3736,5337,0,0,47875,0,0,778,0,0,0,0,0,0
E0014,5510,0,0,47433,0,0,761,0,0,0,0,0,0
E0018,5661,0,0,47236,0,0,857,0,0,0,0,0,0
E0025,5601,0,0,47400,0,0,796,0,0,0,0,0,0
E0043,5600,0,0,47674,0,0,827,0,0,0,0,0,0
E0053,5562,0,0,48038,0,0,843,0,0,0,0,0,0
E0073,5661,0,0,47236,0,0,857,0,0,0,0,0,0
E0075,5613,0,0,47713,0,0,767,0,0,0,0,0,0
E0088,5489,0,0,47449,0,0,806,0,0,0,0,0,0
E0099,5586,0,0,47416,0,0,735,0,0,0,0,0,0
E0104,5601,0,0,47400,0,0,796,0,0,0,0,0,0
E0107,5322,0,0,48211,0,0,827,0,0,0,0,0,0
E0115,5703,0,0,48321,0,0,802,0,0,0,0,0,0
E0122,5497,0,0,47405,0,0,810,0,0,0,0,0,0
E0125,5669,0,0,47766,0,0,881,0,0,0,0,0,0
E0132,5411,0,0,47728,0,0,780,0,0,0,0,0,0
E0142,5370,0,0,48173,0,0,969,0,0,0,0,0,0
E0143,5260,0,0,48239,0,0,812,0,0,0,0,0,0
E0146,5707,0,0,48268,0,0,801,0,0,0,0,0,0
E0170,5501,0,0,47329,0,0,772,0,0,0,0,0,0
E0176,4697,0,0,48730,0,0,953,0,0,0,0,0,0
E0186,5400,0,0,48152,0,0,720,0,0,0,0,0,0
E0187,5259,0,0,47682,0,0,841,0,0,0,0,0,0
E0189,5703,0,0,48321,0,0,802,0,0,0,0,0,0
E0192,5485,0,0,48015,0,0,830,0,0,0,0,0,0
E0193,5259,0,0,47682,0,0,841,0,0,0,0,0,0
E0196,5703,0,0,48321,0,0,802,0,0,0,0,0,0
E0197,5259,0,0,47682,0,0,841,0,0,0,0,0,0
E0201,5639,0,0,48467,0,0,833,0,0,0,0,0,0
E0208,6348,0,0,48803,0,0,957,0,0,0,0,0,0
E0210,5703,0,0,48321,0,0,802,0,0,0,0,0,0
E0212,5786,0,0,48358,0,0,928,0,0,0,0,0,0
E0217,4697,0,0,48730,0,0,953,0,0,0,0,0,0
E0221,5707,0,0,48268,0,0,801,0,0,0,0,0,0
E0223,5300,0,0,48267,0,0,818,0,0,0,0,0,0
E0225,5601,0,0,47400,0,0,796,0,0,0,0,0,0
E0227,5686,0,0,47472,0,0,742,0,0,0,0,0,0
E0234,5409,0,0,47664,0,0,779,0,0,0,0,0,0
E0239,5184,0,0,48241,0,0,866,0,0,0,0,0,0
E0240,5501,0,0,47329,0,0,772,0,0,0,0,0,0
E0245,5428,0,0,48060,0,0,858,0,0,0,0,0,0
E0251,5510,0,0,47433,0,0,761,0,0,0,0,0,0
E0252,5786,0,0,48358,0,0,928,0,0,0,0,0,0
E0254,5409,0,0,47664,0,0,779,0,0,0,0,0,0
E0257,5409,0,0,47664,0,0,779,0,0,0,0,0,0
E0264,5601,0,0,47400,0,0,796,0,0,0,0,0,0
E0280,5411,0,0,47728,0,0,780,0,0,0,0,0,0
E0290,5409,0,0,47664,0,0,779,0,0,0,0,0,0
E0298,5371,0,0,48053,0,0,800,0,0,0,0,0,0
E0301,5310,0,0,47165,0,0,802,0,0,0,0,0,0
E0309,5457,0,0,47574,0,0,753,0,0,0,0,0,0
E0316,5687,0,0,47476,0,0,800,0,0,0,0,0,0
E0324,5428,0,0,47785,0,0,719,0,0,0,0,0,0
E0325,5586,0,0,47416,0,0,735,0,0,0,0,0,0
E0342,5786,0,0,48358,0,0,928,0,0,0,0,0,0
E0354,5501,0,0,47329,0,0,772,0,0,0,0,0,0
E0362,5300,0,0,48267,0,0,818,0,0,0,0,0,0
E0367,5497,0,0,47405,0,0,810,0,0,0,0,0,0
E0371,5532,0,0,47002,0,0,789,0,0,0,0,0,0
E0376,5409,0,0,47664,0,0,779,0,0,0,0,0,0
E0416,5521,0,0,47411,0,0,863,0,0,0,0,0,0
E0435,5294,0,0,47453,0,0,782,0,0,0,0,0,0
E0449,5283,0,0,47992,0,0,835,0,0,0,0,0,0
E0458,5385,0,0,47972,0,0,748,0,0,0,0,0,0
E0470,5253,0,0,48435,0,0,819,0,0,0,0,0,0
E0477,5277,0,0,47836,0,0,836,0,0,0,0,0,0
E0481,5415,0,0,47983,0,0,778,0,0,0,0,0,0
E0499,5786,0,0,48358,0,0,928,0,0,0,0,0,0
E0524,5430,0,0,48230,0,0,818,0,0,0,0,0,0
E0527,5356,0,0,47843,0,0,796,0,0,0,0,0,0
E0541,5501,0,0,47329,0,0,772,0,0,0,0,0,0
E0546,5786,0,0,48358,0,0,928,0,0,0,0,0,0
E0547,5186,0,0,47806,0,0,777,0,0,0,0,0,0
E0564,6369,0,0,48902,0,0,945,0,0,0,0,0,0
E0582,5371,0,0,48053,0,0,800,0,0,0,0,0,0
E0584,5300,0,0,48267,0,0,818,0,0,0,0,0,0
E0588,5114,0,0,48491,0,0,893,0,0,0,0,0,0
E0594,5786,0,0,48358,0,0,928,0,0,0,0,0,0
E0595,5430,0,0,48230,0,0,818,0,0,0,0,0,0
E0606,5510,0,0,47433,0,0,761,0,0,0,0,0,0
E0609,5260,0,0,48239,0,0,812,0,0,0,0,0,0
E0618,5786,0,0,48358,0,0,928,0,0,0,0,0,0
E0619,5283,0,0,47992,0,0,835,0,0,0,0,0,0
E0620,6387,0,0,48208,0,0,950,0,0,0,0,0,0
E0622,5510,0,0,47433,0,0,761,0,0,0,0,0,0
E0623,5513,0,0,48057,0,0,862,0,0,0,0,0,0
E0628,5501,0,0,47329,0,0,772,0,0,0,0,0,0
E0631,5780,0,0,48280,0,0,920,0,0,0,0,0,0
E0650,5546,0,0,48220,0,0,838,0,0,0,0,0,0
E0654,5141,0,0,47853,0,0,817,0,0,0,0,0,0
E0683,5154,0,0,47896,0,0,837,0,0,0,0,0,0
E0686,5259,0,0,47682,0,0,841,0,0,0,0,0,0
E0689,5601,0,0,47400,0,0,796,0,0,0,0,0,0
E0690,5358,0,0,47406,0,0,830,0,0,0,0,0,0
E0703,5371,0,0,48053,0,0,800,0,0,0,0,0,0
E0707,5337,0,0,47875,0,0,778,0,0,0,0,0,0
E0711,5294,0,0,47453,0,0,782,0,0,0,0,0,0
E0712,5535,0,0,47345,0,0,833,0,0,0,0,0,0
E0716,5501,0,0,47329,0,0,772,0,0,0,0,0,0
E0717,5283,0,0,47992,0,0,835,0,0,0,0,0,0
E0726,5687,0,0,47476,0,0,800,0,0,0,0,0,0
E0736,5430,0,0,48230,0,0,818,0,0,0,0,0,0
E0741,5786,0,0,48358,0,0,928,0,0,0,0,0,0
E0743,5277,0,0,47836,0,0,836,0,0,0,0,0,0
E0744,5283,0,0,47992,0,0,835,0,0,0,0,0,0
E0747,5507,0,0,47556,0,0,793,0,0,0,0,0,0
E0752,5430,0,0,48230,0,0,818,0,0,0,0,0,0
E0757,5370,0,0,48173,0,0,969,0,0,0,0,0,0
E0759,5521,0,0,47411,0,0,863,0,0,0,0,0,0
E0771,5474,0,0,47973,0,0,818,0,0,0,0,0,0
E0774,5449,0,0,47095,0,0,926,0,0,0,0,0,0
E0779,5786,0,0,48358,0,0,928,0,0,0,0,0,0
E0790,5497,0,0,47405,0,0,810,0,0,0,0,0,0
E0800,5609,0,0,47815,0,0,761,0,0,0,0,0,0
E0801,5503,0,0,48554,0,0,812,0,0,0,0,0,0
E0806,5521,0,0,47411,0,0,863,0,0,0,0,0,0
E0809,5669,0,0,47766,0,0,881,0,0,0,0,0,0
E0815,5586,0,0,47416,0,0,735,0,0,0,0,0,0
E0824,5322,0,0,47986,0,0,787,0,0,0,0,0,0
E0835,5639,0,0,48467,0,0,833,0,0,0,0,0,0
E0841,5687,0,0,47476,0,0,800,0,0,0,0,0,0
E0847,5434,0,0,47592,0,0,913,0,0,0,0,0,0
E0860,5141,0,0,47853,0,0,817,0,0,0,0,0,0
E0864,5786,0,0,48358,0,0,928,0,0,0,0,0,0
E0867,5371,0,0,48053,0,0,800,0,0,0,0,0,0
E0874,5371,0,0,48053,0,0,800,0,0,0,0,0,0
E0881,5457,0,0,47574,0,0,753,0,0,0,0,0,0
E0885,5535,0,0,47345,0,0,833,0,0,0,0,0,0
E0888,5411,0,0,47728,0,0,780,0,0,0,0,0,0
E0895,5780,0,0,48280,0,0,920,0,0,0,0,0,0
E0908,5260,0,0,48239,0,0,812,0,0,0,0,0,0
E0910,5501,0,0,47329,0,0,772,0,0,0,0,0,0
E0914,5411,0,0,47728,0,0,780,0,0,0,0,0,0
E0916,5409,0,0,47664,0,0,779,0,0,0,0,0,0
E0922,5510,0,0,47433,0,0,761,0,0,0,0,0,0
E0925,5368,0,0,48076,0,0,824,0,0,0,0,0,0
E0941,5501,0,0,47329,0,0,772,0,0,0,0,0,0
E0952,5703,0,0,48321,0,0,802,0,0,0,0,0,0
E0955,5586,0,0,47416,0,0,735,0,0,0,0,0,0
E0956,5350,0,0,47667,0,0,763,0,0,0,0,0,0
E0957,5368,0,0,48076,0,0,824,0,0,0,0,0,0
E0959,5430,0,0,48230,0,0,818,0,0,0,0,0,0
E0967,5601,0,0,47400,0,0,796,0,0,0,0,0,0
E0968,5558,0,0,47795,0,0,735,0,0,0,0,0,0
E0969,5699,0,0,48840,0,0,1021,0,0,0,0,0,0
E0984,5786,0,0,48358,0,0,928,0,0,0,0,0,0
E0988,5869,0,0,48260,0,0,818,0,0,0,0,0,0
E0993,5703,0,0,48321,0,0,802,0,0,0,0,0,0
E1000,5601,0,0,47400,0,0,796,0,0,0,0,0,0
E1021,5703,0,0,48321,0,0,802,0,0,0,0,0,0
E1022,5601,0,0,47400,0,0,796,0,0,0,0,0,0
E1025,5623,0,0,47983,0,0,846,0,0,0,0,0,0
E1037,5318,0,0,47674,0,0,701,0,0,0,0,0,0
E1038,5300,0,0,48267,0,0,818,0,0,0,0,0,0
E1039,6189,0,0,48811,0,0,1086,0,0,0,0,0,0
E1047,5154,0,0,47896,0,0,837,0,0,0,0,0,0
E1054,5497,0,0,47405,0,0,810,0,0,0,0,0,0
E1056,5300,0,0,48267,0,0,818,0,0,0,0,0,0
E1062,5729,0,0,48257,0,0,807,0,0,0,0,0,0
E1063,5558,0,0,48289,0,0,769,0,0,0,0,0,0
E1069,5535,0,0,47345,0,0,833,0,0,0,0,0,0
E1076,5411,0,0,47728,0,0,780,0,0,0,0,0,0
E1095,5300,0,0,48267,0,0,818,0,0,0,0,0,0
E1124,5489,0,0,47449,0,0,806,0,0,0,0,0,0
E1127,5601,0,0,47400,0,0,796,0,0,0,0,0,0
E1133,5497,0,0,47405,0,0,810,0,0,0,0,0,0
E1145,5661,0,0,47236,0,0,857,0,0,0,0,0,0
E1146,5371,0,0,48053,0,0,800,0,0,0,0,0,0
E1151,5283,0,0,47992,0,0,835,0,0,0,0,0,0
E1176,5786,0,0,48358,0,0,928,0,0,0,0,0,0
E1180,5497,0,0,47405,0,0,810,0,0,0,0,0,0
E1184,5639,0,0,47706,0,0,780,0,0,0,0,0,0
E1186,5409,0,0,47664,0,0,779,0,0,0,0,0,0
E1188,5259,0,0,47682,0,0,841,0,0,0,0,0,0
E1192,5703,0,0,48321,0,0,802,0,0,0,0,0,0
E1206,5535,0,0,47345,0,0,833,0,0,0,0,0,0
E1213,5521,0,0,47411,0,0,863,0,0,0,0,0,0
E1228,5786,0,0,48358,0,0,928,0,0,0,0,0,0
E1232,5457,0,0,47574,0,0,753,0,0,0,0,0,0
E1241,4697,0,0,48730,0,0,953,0,0,0,0,0,0
E1248,5519,0,0,47916,0,0,809,0,0,0,0,0,0
E1267,5411,0,0,47728,0,0,780,0,0,0,0,0,0
E1272,5356,0,0,47843,0,0,796,0,0,0,0,0,0
E1276,5409,0,0,47664,0,0,779,0,0,0,0,0,0
E1277,5260,0,0,48239,0,0,812,0,0,0,0,0,0
E1284,5154,0,0,47896,0,0,837,0,0,0,0,0,0
E1290,5601,0,0,47400,0,0,796,0,0,0,0,0,0
E1306,5786,0,0,48358,0,0,928,0,0,0,0,0,0
E1311,5730,0,0,47816,0,0,755,0,0,0,0,0,0
E1324,5368,0,0,48076,0,0,824,0,0,0,0,0,0
E1342,5780,0,0,48280,0,0,920,0,0,0,0,0,0
E1344,5176,0,0,48415,0,0,869,0,0,0,0,0,0
E1348,5601,0,0,47400,0,0,796,0,0,0,0,0,0
E1350,5497,0,0,47405,0,0,810,0,0,0,0,0,0
E1351,4697,0,0,48730,0,0,953,0,0,0,0,0,0
E1355,5786,0,0,48358,0,0,928,0,0,0,0,0,0
E1356,5501,0,0,47329,0,0,772,0,0,0,0,0,0
E1361,5586,0,0,47416,0,0,735,0,0,0,0,0,0
E1368,5400,0,0,48152,0,0,720,0,0,0,0,0,0
E1375,5351,0,0,47255,0,0,775,0,0,0,0,0,0
E1385,5260,0,0,48239,0,0,812,0,0,0,0,0,0
E1389,5532,0,0,47002,0,0,789,0,0,0,0,0,0
E1403,5409,0,0,47664,0,0,779,0,0,0,0,0,0
E1412,5260,0,0,48239,0,0,812,0,0,0,0,0,0
E1414,5601,0,0,47400,0,0,796,0,0,0,0,0,0
E1416,5519,0,0,47916,0,0,809,0,0,0,0,0,0
E1425,5294,0,0,47453,0,0,782,0,0,0,0,0,0
E1426,5497,0,0,47405,0,0,810,0,0,0,0,0,0
E1428,5457,0,0,47574,0,0,753,0,0,0,0,0,0
E1456,5409,0,0,47664,0,0,779,0,0,0,0,0,0
E1481,5409,0,0,47664,0,0,779,0,0,0,0,0,0
E1493,6387,0,0,48208,0,0,950,0,0,0,0,0,0
E1503,5310,0,0,47962,0,0,823,0,0,0,0,0,0
E1505,5409,0,0,47664,0,0,779,0,0,0,0,0,0
E1514,5661,0,0,47236,0,0,857,0,0,0,0,0,0
E1526,5114,0,0,48491,0,0,893,0,0,0,0,0,0
E1538,5409,0,0,47664,0,0,779,0,0,0,0,0,0
E1547,5639,0,0,48467,0,0,833,0,0,0,0,0,0
E1550,5358,0,0,47406,0,0,830,0,0,0,0,0,0
E1552,5434,0,0,47592,0,0,913,0,0,0,0,0,0
E1556,5370,0,0,48173,0,0,969,0,0,0,0,0,0
E1557,5300,0,0,48267,0,0,818,0,0,0,0,0,0
E1561,5368,0,0,48076,0,0,824,0,0,0,0,0,0
E1562,5457,0,0,47574,0,0,753,0,0,0,0,0,0
E1569,5489,0,0,47449,0,0,806,0,0,0,0,0,0
E1578,5562,0,0,48038,0,0,843,0,0,0,0,0,0
E1585,5786,0,0,48358,0,0,928,0,0,0,0,0,0
E1588,5703,0,0,48321,0,0,802,0,0,0,0,0,0
E1601,6148,0,0,48896,0,0,978,0,0,0,0,0,0
E1607,5738,0,0,47735,0,0,778,0,0,0,0,0,0
E1620,5176,0,0,48415,0,0,869,0,0,0,0,0,0
E1649,5675,0,0,47488,0,0,756,0,0,0,0,0,0
E1654,5535,0,0,47345,0,0,833,0,0,0,0,0,0
E1688,5786,0,0,48358,0,0,928,0,0,0,0,0,0
E1718,5409,0,0,47664,0,0,779,0,0,0,0,0,0
E1730,5786,0,0,48358,0,0,928,0,0,0,0,0,0
E1731,5501,0,0,47329,0,0,772,0,0,0,0,0,0
E1742,5661,0,0,47236,0,0,857,0,0,0,0,0,0
E1744,5497,0,0,47405,0,0,810,0,0,0,0,0,0
E1760,5370,0,0,48173,0,0,969,0,0,0,0,0,0
E1762,5294,0,0,47453,0,0,782,0,0,0,0,0,0
E1764,5430,0,0,48230,0,0,818,0,0,0,0,0,0
E1767,5658,0,0,47659,0,0,771,0,0,0,0,0,0
E1774,5786,0,0,48358,0,0,928,0,0,0,0,0,0
E1780,5371,0,0,48053,0,0,800,0,0,0,0,0,0
E1792,5786,0,0,48358,0,0,928,0,0,0,0,0,0
E1797,5503,0,0,48554,0,0,812,0,0,0,0,0,0
E1815,5521,0,0,47411,0,0,863,0,0,0,0,0,0
E1821,5586,0,0,47416,0,0,735,0,0,0,0,0,0
E1830,5869,0,0,48260,0,0,818,0,0,0,0,0,0
E1835,5501,0,0,47329,0,0,772,0,0,0,0,0,0
E1839,5300,0,0,48267,0,0,818,0,0,0,0,0,0
E1852,5411,0,0,47728,0,0,780,0,0,0,0,0,0
E1867,5786,0,0,48358,0,0,928,0,0,0,0,0,0
E1870,5703,0,0,48321,0,0,802,0,0,0,0,0,0
E1873,6369,0,0,48902,0,0,945,0,0,0,0,0,0
E1879,5370,0,0,48173,0,0,969,0,0,0,0,0,0
E1880,4697,0,0,48730,0,0,953,0,0,0,0,0,0
E1881,5613,0,0,47713,0,0,767,0,0,0,0,0,0
E1890,5428,0,0,47785,0,0,719,0,0,0,0,0,0
E1893,5428,0,0,47785,0,0,719,0,0,0,0,0,0
E1901,5176,0,0,48415,0,0,869,0,0,0,0,0,0
E1904,5471,0,0,48250,0,0,727,0,0,0,0,0,0
E1911,5730,0,0,47816,0,0,755,0,0,0,0,0,0
E1916,5501,0,0,47329,0,0,772,0,0,0,0,0,0
E1923,5294,0,0,47453,0,0,782,0,0,0,0,0,0
E1930,5371,0,0,48053,0,0,800,0,0,0,0,0,0
E1936,5430,0,0,48230,0,0,818,0,0,0,0,0,0
E1968,5535,0,0,47345,0,0,833,0,0,0,0,0,0
E1969,5786,0,0,48358,0,0,928,0,0,0,0,0,0
E1971,5283,0,0,47992,0,0,835,0,0,0,0,0,0
E1983,5259,0,0,47682,0,0,841,0,0,0,0,0,0
E1987,5371,0,0,48053,0,0,800,0,0,0,0,0,0
E1988,5658,0,0,47363,0,0,783,0,0,0,0,0,0
E1991,5623,0,0,47983,0,0,846,0,0,0,0,0,0
E2000,5658,0,0,47659,0,0,771,0,0,0,0,0,0
E2003,5457,0,0,47574,0,0,753,0,0,0,0,0,0
E2005,5507,0,0,47556,0,0,793,0,0,0,0,0,0
E2012,5501,0,0,47329,0,0,772,0,0,0,0,0,0
E2015,5409,0,0,47664,0,0,779,0,0,0,0,0,0
E2017,5384,0,0,47407,0,0,744,0,0,0,0,0,0
E2019,5253,0,0,48435,0,0,819,0,0,0,0,0,0
E2028,5300,0,0,48267,0,0,818,0,0,0,0,0,0
E2033,5453,0,0,47688,0,0,727,0,0,0,0,0,0
E2036,5384,0,0,47407,0,0,744,0,0,0,0,0,0
E2039,5322,0,0,47986,0,0,787,0,0,0,0,0,0
E2050,5218,0,0,47620,0,0,894,0,0,0,0,0,0
E2060,5703,0,0,48321,0,0,802,0,0,0,0,0,0
E2068,5703,0,0,48321,0,0,802,0,0,0,0,0,0
E2070,5259,0,0,47682,0,0,841,0,0,0,0,0,0
E2080,5253,0,0,48435,0,0,819,0,0,0,0,0,0
E2085,5481,0,0,47516,0,0,814,0,0,0,0,0,0
E2091,5415,0,0,47983,0,0,778,0,0,0,0,0,0
E2099,5532,0,0,47002,0,0,789,0,0,0,0,0,0
E2102,5623,0,0,47983,0,0,846,0,0,0,0,0,0
E2122,5658,0,0,47659,0,0,771,0,0,0,0,0,0
E2129,5184,0,0,48241,0,0,866,0,0,0,0,0,0
E2136,5430,0,0,48230,0,0,818,0,0,0,0,0,0
E2145,5411,0,0,47728,0,0,780,0,0,0,0,0,0
E2150,5468,0,0,47783,0,0,760,0,0,0,0,0,0
E2156,6532,0,0,47933,0,0,884,0,0,0,0,0,0
E2159,6599,0,0,48365,0,0,870,0,0,0,0,0,0
E2183,5428,0,0,48060,0,0,858,0,0,0,0,0,0
E2193,5297,0,0,47720,0,0,802,0,0,0,0,0,0
E2195,5485,0,0,48015,0,0,830,0,0,0,0,0,0
E2205,5300,0,0,48267,0,0,818,0,0,0,0,0,0
E2208,5433,0,0,47924,0,0,868,0,0,0,0,0,0
E2217,6158,0,0,48681,0,0,836,0,0,0,0,0,0
E2229,5371,0,0,48053,0,0,800,0,0,0,0,0,0
E2272,5409,0,0,47664,0,0,779,0,0,0,0,0,0
E2277,5786,0,0,48358,0,0,928,0,0,0,0,0,0
E2278,5434,0,0,47592,0,0,913,0,0,0,0,0,0
E2281,5503,0,0,48554,0,0,812,0,0,0,0,0,0
E2283,5260,0,0,48239,0,0,812,0,0,0,0,0,0
E2286,5294,0,0,47453,0,0,782,0,0,0,0,0,0
E2291,5368,0,0,48076,0,0,824,0,0,0,0,0,0
E2301,5535,0,0,47345,0,0,833,0,0,0,0,0,0
E2306,5371,0,0,48053,0,0,800,0,0,0,0,0,0
E2307,5485,0,0,48015,0,0,830,0,0,0,0,0,0
E2330,5300,0,0,48267,0,0,818,0,0,0,0,0,0
E2334,5595,0,0,47861,0,0,767,0,0,0,0,0,0
E2348,5730,0,0,47816,0,0,755,0,0,0,0,0,0
E2352,5703,0,0,48321,0,0,802,0,0,0,0,0,0
E2353,6158,0,0,48681,0,0,836,0,0,0,0,0,0
E2358,5501,0,0,47329,0,0,772,0,0,0,0,0,0
E2371,5570,0,0,47355,0,0,885,0,0,0,0,0,0
E2373,5430,0,0,48230,0,0,818,0,0,0,0,0,0
E2374,5659,0,0,48446,0,0,847,0,0,0,0,0,0
E2378,5471,0,0,48250,0,0,727,0,0,0,0,0,0
E2384,5601,0,0,47400,0,0,796,0,0,0,0,0,0
E2390,5410,0,0,47948,0,0,719,0,0,0,0,0,0
E2395,5558,0,0,48289,0,0,769,0,0,0,0,0,0
E2396,5535,0,0,47345,0,0,833,0,0,0,0,0,0
E2404,5658,0,0,47363,0,0,783,0,0,0,0,0,0
E2417,5501,0,0,47329,0,0,772,0,0,0,0,0,0
E2418,5710,0,0,48241,0,0,827,0,0,0,0,0,0
E2419,5593,0,0,47480,0,0,802,0,0,0,0,0,0
E2420,5699,0,0,48840,0,0,1021,0,0,0,0,0,0
E2422,6193,0,0,47675,0,0,822,0,0,0,0,0,0
E2424,5260,0,0,48239,0,0,812,0,0,0,0,0,0
E2430,5358,0,0,47406,0,0,830,0,0,0,0,0,0
E2433,5535,0,0,47345,0,0,833,0,0,0,0,0,0
E2436,5371,0,0,48053,0,0,800,0,0,0,0,0,0
E2450,5535,0,0,47345,0,0,833,0,0,0,0,0,0
E2451,5501,0,0,47329,0,0,772,0,0,0,0,0,0
E2463,5687,0,0,47476,0,0,800,0,0,0,0,0,0
E2470,5730,0,0,47499,0,0,803,0,0,0,0,0,0
E2471,5562,0,0,48038,0,0,843,0,0,0,0,0,0
E2483,5661,0,0,47236,0,0,857,0,0,0,0,0,0
E2493,5730,0,0,47816,0,0,755,0,0,0,0,0,0
E2507,6348,0,0,48803,0,0,957,0,0,0,0,0,0
E2512,5430,0,0,48230,0,0,818,0,0,0,0,0,0
E2513,5409,0,0,47664,0,0,779,0,0,0,0,0,0
E2517,5601,0,0,47400,0,0,796,0,0,0,0,0,0
E2551,5300,0,0,48267,0,0,818,0,0,0,0,0,0
E2566,6158,0,0,48681,0,0,836,0,0,0,0,0,0
E2573,5300,0,0,48267,0,0,818,0,0,0,0,0,0
E2580,5489,0,0,47449,0,0,806,0,0,0,0,0,0
E2600,5409,0,0,47664,0,0,779,0,0,0,0,0,0
E2611,5426,0,0,47783,0,0,775,0,0,0,0,0,0
E2634,5403,0,0,47455,0,0,793,0,0,0,0,0,0
E2645,5586,0,0,47416,0,0,735,0,0,0,0,0,0
E2649,4697,0,0,48730,0,0,953,0,0,0,0,0,0
E2673,5869,0,0,48260,0,0,818,0,0,0,0,0,0
E2685,6532,0,0,47933,0,0,884,0,0,0,0,0,0
E2697,5409,0,0,47664,0,0,779,0,0,0,0,0,0
E2722,5501,0,0,47329,0,0,772,0,0,0,0,0,0
E2726,5497,0,0,47405,0,0,810,0,0,0,0,0,0
E2750,5686,0,0,47472,0,0,742,0,0,0,0,0,0
E2753,5562,0,0,48038,0,0,843,0,0,0,0,0,0
E2762,5920,0,0,48426,0,0,909,0,0,0,0,0,0
E2766,5519,0,0,47916,0,0,809,0,0,0,0,0,0
E2773,6158,0,0,48681,0,0,836,0,0,0,0,0,0
E2774,5297,0,0,47720,0,0,802,0,0,0,0,0,0
E2787,5300,0,0,48267,0,0,818,0,0,0,0,0,0
E2789,5658,0,0,47659,0,0,771,0,0,0,0,0,0
E2790,5356,0,0,47843,0,0,796,0,0,0,0,0,0
E2802,5370,0,0,48173,0,0,969,0,0,0,0,0,0
E2807,5371,0,0,48053,0,0,800,0,0,0,0,0,0
E2808,5184,0,0,48241,0,0,866,0,0,0,0,0,0
E2816,5535,0,0,47345,0,0,833,0,0,0,0,0,0
E2819,5428,0,0,47785,0,0,719,0,0,0,0,0,0
E2823,5428,0,0,48060,0,0,858,0,0,0,0,0,0
E2828,5318,0,0,47674,0,0,701,0,0,0,0,0,0
E2830,5869,0,0,48260,0,0,818,0,0,0,0,0,0
E2832,5703,0,0,48321,0,0,802,0,0,0,0,0,0
E2846,5485,0,0,48015,0,0,830,0,0,0,0,0,0
E2849,5370,0,0,48173,0,0,969,0,0,0,0,0,0
E2852,5403,0,0,47455,0,0,793,0,0,0,0,0,0
E2858,5501,0,0,47329,0,0,772,0,0,0,0,0,0
E2859,5510,0,0,47433,0,0,761,0,0,0,0,0,0
E2861,5300,0,0,48267,0,0,818,0,0,0,0,0,0
E2874,5707,0,0,48268,0,0,801,0,0,0,0,0,0
E2885,5639,0,0,48467,0,0,833,0,0,0,0,0,0
E2891,5501,0,0,47329,0,0,772,0,0,0,0,0,0
E2899,5184,0,0,48241,0,0,866,0,0,0,0,0,0
E2907,5703,0,0,48321,0,0,802,0,0,0,0,0,0
E2924,5260,0,0,48239,0,0,812,0,0,0,0,0,0
E2927,5703,0,0,48321,0,0,802,0,0,0,0,0,0
E2935,5114,0,0,48491,0,0,893,0,0,0,0,0,0
E2936,6387,0,0,48208,0,0,950,0,0,0,0,0,0
E2940,5411,0,0,47728,0,0,780,0,0,0,0,0,0
E2943,5786,0,0,48358,0,0,928,0,0,0,0,0,0
E2946,5501,0,0,47329,0,0,772,0,0,0,0,0,0
E2958,5586,0,0,47416,0,0,735,0,0,0,0,0,0
E2959,5501,0,0,47329,0,0,772,0,0,0,0,0,0
E2963,5786,0,0,48358,0,0,928,0,0,0,0,0,0
E2976,5430,0,0,48230,0,0,818,0,0,0,0,0,0
E2978,5730,0,0,47816,0,0,755,0,0,0,0,0,0
E2979,5786,0,0,48358,0,0,928,0,0,0,0,0,0
E2981,5300,0,0,48267,0,0,818,0,0,0,0,0,0
E2983,6387,0,0,48208,0,0,950,0,0,0,0,0,0
E2991,5300,0,0,48267,0,0,818,0,0,0,0,0,0
